nodes_count, workflows_count
1, 86
2, 102
3, 102
4, 102
5, 102
6, 102
7, 110
8, 111
9, 112
10, 112
11, 112
12, 112
13, 114
14, 120
15, 128
16, 140
17, 143
18, 143
19, 143
20, 143
21, 145
22, 147
23, 151
24, 151
25, 151
26, 151
27, 151
28, 151
29, 151
30, 151
31, 153
32, 154
33, 154
34, 157
35, 159
36, 159
37, 162
38, 162
39, 162
40, 164
41, 165
42, 167
43, 167
44, 167
45, 167
46, 167
47, 167
48, 180
49, 180
50, 180
51, 181
52, 182
53, 182
54, 182
55, 182
56, 184
57, 184
58, 184
59, 184
60, 184
61, 186
62, 186
63, 186
64, 187
65, 187
66, 187
67, 187
68, 187
69, 187
70, 187
71, 189
72, 189
73, 189
74, 189
75, 192
76, 192
77, 192
78, 194
79, 194
80, 194
81, 194
82, 194
83, 195
84, 196
85, 197
86, 197
87, 197
88, 197
89, 197
90, 197
91, 198
92, 200
93, 200
94, 200
95, 203
96, 204
97, 206
98, 206
99, 208
100, 208
101, 208
102, 208
103, 208
104, 209
105, 212
106, 212
107, 218
108, 225
109, 225
110, 225
111, 227
112, 230
113, 231
114, 232
115, 232
116, 232
117, 235
118, 235
119, 237
120, 240
121, 240
122, 240
123, 240
124, 240
125, 240
126, 242
127, 242
128, 244
129, 245
130, 245
131, 245
132, 245
133, 248
134, 255
135, 255
136, 255
137, 255
138, 255
139, 256
140, 256
141, 256
142, 256
143, 256
144, 258
145, 258
146, 259
147, 259
148, 259
149, 260
150, 260
151, 260
152, 260
153, 260
154, 260
155, 260
156, 261
157, 261
158, 261
159, 262
160, 262
161, 262
162, 262
163, 262
164, 262
165, 263
166, 267
167, 267
168, 270
169, 271
170, 271
171, 271
172, 271
173, 271
174, 271
175, 271
176, 271
177, 273
178, 273
179, 273
180, 273
181, 276
182, 276
183, 276
184, 276
185, 276
186, 276
187, 276
188, 280
189, 280
190, 280
191, 280
192, 285
193, 285
194, 285
195, 285
196, 285
197, 285
198, 286
199, 286
200, 286
201, 286
202, 289
203, 291
204, 291
205, 293
206, 293
207, 293
208, 293
209, 294
210, 297
211, 297
212, 297
213, 297
214, 302
215, 302
216, 302
217, 303
218, 304
219, 312
220, 312
221, 317
222, 317
223, 317
224, 317
225, 327
226, 334
227, 341
228, 343
229, 343
230, 348
231, 348
232, 348
233, 348
234, 353
235, 353
236, 355
237, 356
238, 359
239, 359
240, 359
241, 359
242, 359
243, 359
244, 359
245, 360
246, 363
247, 363
248, 364
249, 364
250, 367
251, 367
252, 367
253, 371
254, 371
255, 371
256, 372
257, 373
258, 384
259, 384
260, 384
261, 384
262, 385
263, 390
264, 391
265, 391
266, 391
267, 393
268, 393
269, 393
270, 393
271, 394
272, 395
273, 396
274, 396
275, 396
276, 396
277, 396
278, 397
279, 397
280, 397
281, 398
282, 400
283, 400
284, 400
285, 400
286, 401
287, 401
288, 401
289, 403
290, 404
291, 404
292, 404
293, 404
294, 404
295, 405
296, 406
297, 406
298, 411
299, 412
300, 412
